-- phpMyAdmin SQL Dump
-- version 4.7.4
-- https://www.phpmyadmin.net/
--
-- Host: 127.0.0.1
-- Generation Time: Feb 07, 2019 at 04:08 PM
-- Server version: 10.1.28-MariaDB
-- PHP Version: 7.1.11

SET SQL_MODE = "NO_AUTO_VALUE_ON_ZERO";
SET AUTOCOMMIT = 0;
START TRANSACTION;
SET time_zone = "+00:00";


/*!40101 SET @OLD_CHARACTER_SET_CLIENT=@@CHARACTER_SET_CLIENT */;
/*!40101 SET @OLD_CHARACTER_SET_RESULTS=@@CHARACTER_SET_RESULTS */;
/*!40101 SET @OLD_COLLATION_CONNECTION=@@COLLATION_CONNECTION */;
/*!40101 SET NAMES utf8mb4 */;

--
-- Database: `db_restauran`
--

-- --------------------------------------------------------

--
-- Table structure for table `kategori`
--

CREATE TABLE `kategori` (
  `id_kategori` int(11) NOT NULL,
  `nama_kategori` varchar(50) NOT NULL
) ENGINE=InnoDB DEFAULT CHARSET=latin1;

--
-- Dumping data for table `kategori`
--

INSERT INTO `kategori` (`id_kategori`, `nama_kategori`) VALUES
(1, 'Tradisional'),
(2, 'Minuman'),
(3, 'Modern');

-- --------------------------------------------------------

--
-- Table structure for table `makanan`
--

CREATE TABLE `makanan` (
  `id_makanan` int(11) NOT NULL,
  `nama_makanan` varchar(50) NOT NULL,
  `id_kategori` int(11) NOT NULL,
  `harga` int(11) NOT NULL,
  `foto_cover` text NOT NULL,
  `koki` varchar(50) NOT NULL,
  `stok` int(50) NOT NULL
) ENGINE=InnoDB DEFAULT CHARSET=latin1;

--
-- Dumping data for table `makanan`
--

INSERT INTO `makanan` (`id_makanan`, `nama_makanan`, `id_kategori`, `harga`, `foto_cover`, `koki`, `stok`) VALUES
(73, 'Nasi Tumpeng', 1, 40000, 'makanan11.PNG', 'Choirul Punjung', 8),
(74, 'Nasi Goreng Glow', 3, 20000, 'makanan21.PNG', 'Andi Iyrawan', 0),
(75, 'Es Teh', 2, 2000, 'makanan31.PNG', 'Orang Pinggiran', 99),
(76, 'Ikan Gurami Goreng', 1, 20000, 'makanan41.PNG', 'Koki Bujangan', 20);

-- --------------------------------------------------------

--
-- Table structure for table `nota`
--

CREATE TABLE `nota` (
  `id_nota` int(11) NOT NULL,
  `id_transaksi` int(11) NOT NULL,
  `id_makanan` int(11) NOT NULL,
  `jumlah` int(50) NOT NULL
) ENGINE=InnoDB DEFAULT CHARSET=latin1;

--
-- Dumping data for table `nota`
--

INSERT INTO `nota` (`id_nota`, `id_transaksi`, `id_makanan`, `jumlah`) VALUES
(170, 87, 73, 1),
(171, 87, 74, 1),
(172, 88, 75, 1),
(173, 88, 73, 1),
(174, 88, 74, 1);

-- --------------------------------------------------------

--
-- Table structure for table `transaksi`
--

CREATE TABLE `transaksi` (
  `id_transaksi` int(11) NOT NULL,
  `id_user` int(11) NOT NULL,
  `nama_pembeli` varchar(50) NOT NULL,
  `total` int(11) NOT NULL,
  `tanggal_beli` date NOT NULL,
  `status` varchar(50) NOT NULL,
  `bukti` varchar(50) NOT NULL
) ENGINE=InnoDB DEFAULT CHARSET=latin1;

--
-- Dumping data for table `transaksi`
--

INSERT INTO `transaksi` (`id_transaksi`, `id_user`, `nama_pembeli`, `total`, `tanggal_beli`, `status`, `bukti`) VALUES
(87, 3, 'AI', 60000, '2019-02-07', '', ''),
(88, 3, 'Choirul Punjung', 62000, '2019-02-07', '', '');

-- --------------------------------------------------------

--
-- Table structure for table `user`
--

CREATE TABLE `user` (
  `id_user` int(11) NOT NULL,
  `nama_user` varchar(50) NOT NULL,
  `username` varchar(50) NOT NULL,
  `password` varchar(50) NOT NULL,
  `level` varchar(50) NOT NULL
) ENGINE=InnoDB DEFAULT CHARSET=latin1;

--
-- Dumping data for table `user`
--

INSERT INTO `user` (`id_user`, `nama_user`, `username`, `password`, `level`) VALUES
(1, 'Andre', 'yuda', 'yuda123', 'Admin'),
(3, 'Kasir Ku', 'kasir', 'kasir', 'kasir'),
(4, 'Adam', 'admin', 'admin', 'Admin'),
(5, 'Hafiyyan Faza Pratama', 'kaleng', 'kaleng', 'kasir');

--
-- Indexes for dumped tables
--

--
-- Indexes for table `kategori`
--
ALTER TABLE `kategori`
  ADD PRIMARY KEY (`id_kategori`);

--
-- Indexes for table `makanan`
--
ALTER TABLE `makanan`
  ADD PRIMARY KEY (`id_makanan`),
  ADD KEY `id_kategori` (`id_kategori`);

--
-- Indexes for table `nota`
--
ALTER TABLE `nota`
  ADD PRIMARY KEY (`id_nota`),
  ADD KEY `id_transaksi` (`id_transaksi`),
  ADD KEY `id_buku` (`id_makanan`);

--
-- Indexes for table `transaksi`
--
ALTER TABLE `transaksi`
  ADD PRIMARY KEY (`id_transaksi`),
  ADD KEY `id_user` (`id_user`);

--
-- Indexes for table `user`
--
ALTER TABLE `user`
  ADD PRIMARY KEY (`id_user`);

--
-- AUTO_INCREMENT for dumped tables
--

--
-- AUTO_INCREMENT for table `kategori`
--
ALTER TABLE `kategori`
  MODIFY `id_kategori` int(11) NOT NULL AUTO_INCREMENT, AUTO_INCREMENT=4;

--
-- AUTO_INCREMENT for table `makanan`
--
ALTER TABLE `makanan`
  MODIFY `id_makanan` int(11) NOT NULL AUTO_INCREMENT, AUTO_INCREMENT=77;

--
-- AUTO_INCREMENT for table `nota`
--
ALTER TABLE `nota`
  MODIFY `id_nota` int(11) NOT NULL AUTO_INCREMENT, AUTO_INCREMENT=175;

--
-- AUTO_INCREMENT for table `transaksi`
--
ALTER TABLE `transaksi`
  MODIFY `id_transaksi` int(11) NOT NULL AUTO_INCREMENT, AUTO_INCREMENT=89;

--
-- AUTO_INCREMENT for table `user`
--
ALTER TABLE `user`
  MODIFY `id_user` int(11) NOT NULL AUTO_INCREMENT, AUTO_INCREMENT=6;

--
-- Constraints for dumped tables
--

--
-- Constraints for table `nota`
--
ALTER TABLE `nota`
  ADD CONSTRAINT `nota_ibfk_1` FOREIGN KEY (`id_makanan`) REFERENCES `makanan` (`id_makanan`) ON DELETE CASCADE ON UPDATE CASCADE,
  ADD CONSTRAINT `nota_ibfk_2` FOREIGN KEY (`id_transaksi`) REFERENCES `transaksi` (`id_transaksi`) ON DELETE CASCADE ON UPDATE CASCADE;

--
-- Constraints for table `transaksi`
--
ALTER TABLE `transaksi`
  ADD CONSTRAINT `transaksi_ibfk_1` FOREIGN KEY (`id_user`) REFERENCES `user` (`id_user`) ON DELETE CASCADE ON UPDATE CASCADE;
COMMIT;

/*!40101 SET CHARACTER_SET_CLIENT=@OLD_CHARACTER_SET_CLIENT */;
/*!40101 SET CHARACTER_SET_RESULTS=@OLD_CHARACTER_SET_RESULTS */;
/*!40101 SET COLLATION_CONNECTION=@OLD_COLLATION_CONNECTION */;
